{"cameraMode":{"drawMode":0,"name":"Shaded","section":"Shading Mode"},"sceneLighting":false,"audioPlay":false,"sceneViewState":{"showFog":false,"showMaterialUpdate":false,"showSkybox":false,"showFlares":false,"showImageEffects":false,"showParticleSystems":false},"in2DMode":false,"pivot":{"x":-0.006418585777282715,"y":3.668637990951538,"z":0.7139205932617188},"rotation":{"x":-0.09581369906663895,"y":0.028364935889840127,"z":-0.002731430809944868,"w":-0.9949913024902344},"size":82.28846740722656,"orthographic":false}