{"cameraMode":{"drawMode":0,"name":"Shaded","section":"Shading Mode"},"sceneLighting":true,"audioPlay":false,"sceneViewState":{"showFog":false,"showMaterialUpdate":false,"showSkybox":false,"showFlares":false,"showImageEffects":false,"showParticleSystems":false},"in2DMode":false,"pivot":{"x":199.27664184570313,"y":130.43988037109376,"z":-2.76123046875},"rotation":{"x":0.16387082636356355,"y":-0.1473715603351593,"z":0.024766653776168824,"w":0.9750972986221314},"size":1007.181884765625,"orthographic":false}