{"cameraMode":{"drawMode":0,"name":"Shaded","section":"Shading Mode"},"sceneLighting":false,"audioPlay":false,"sceneViewState":{"showFog":true,"showMaterialUpdate":false,"showSkybox":false,"showFlares":true,"showImageEffects":true,"showParticleSystems":true},"in2DMode":false,"pivot":{"x":1.42919921875,"y":4.0123291015625,"z":1.8603515625},"rotation":{"x":0.09351980686187744,"y":0.13250994682312013,"z":-0.012559626251459122,"w":0.9866800308227539},"size":6.338831424713135,"orthographic":true}