{"cameraMode":{"drawMode":0,"name":"Shaded","section":"Shading Mode"},"sceneLighting":false,"audioPlay":false,"sceneViewState":{"showFog":false,"showMaterialUpdate":false,"showSkybox":false,"showFlares":false,"showImageEffects":false,"showParticleSystems":false},"in2DMode":false,"pivot":{"x":0.45047760009765627,"y":1.439743995666504,"z":-1.5561447143554688},"rotation":{"x":0.0071624829433858398,"y":0.6054791808128357,"z":-0.005449459422379732,"w":0.795810341835022},"size":8.559261322021485,"orthographic":false}