{"cameraMode":{"drawMode":0,"name":"Shaded","section":"Shading Mode"},"sceneLighting":false,"audioPlay":false,"sceneViewState":{"showFog":false,"showMaterialUpdate":false,"showSkybox":false,"showFlares":false,"showImageEffects":false,"showParticleSystems":false},"in2DMode":false,"pivot":{"x":-0.28000128269195559,"y":3.0799996852874758,"z":0.8559995889663696},"rotation":{"x":-0.5837559103965759,"y":0.009742568247020245,"z":-0.007005424238741398,"w":-0.8118405938148499},"size":22.515024185180665,"orthographic":false}